INSERT INTO universityDB.professor (id, email, firstName, lastName, password, role) VALUES (1, 'pupkin@mail.ru', 'Vasya', 'Pupkin', 'pass', 'PROFESSOR');
INSERT INTO universityDB.professor (id, email, firstName, lastName, password, role) VALUES (2, 'pushkin@mail.ru', 'Petya', 'Pushkin', 'pass', 'PROFESSOR');
INSERT INTO universityDB.professor (id, email, firstName, lastName, password, role) VALUES (3, 'sirkin@mail.ru', 'Sema', 'Sirkin', 'pass', 'PROFESSOR');
INSERT INTO universityDB.professor (id, email, firstName, lastName, password, role) VALUES (4, 'xavier@mail.ru', 'Professor', 'Xavier', 'pass', 'PROFESSOR');
INSERT INTO universityDB.professor (id, email, firstName, lastName, password, role) VALUES (5, 'torvalds@mail.ru', 'Linus', 'Torvalds', 'pass', 'PROFESSOR');
INSERT INTO universityDB.professor (id, email, firstName, lastName, password, role) VALUES (6, 'dumbledore@mail.ru', 'Albus', 'Dumbledore', 'pass', 'PROFESSOR');

INSERT INTO universityDB.course (id, name, professor_id) VALUES (1, 'Informatics 101', 5);
INSERT INTO universityDB.course (id, name, professor_id) VALUES (2, 'Algorithmic Thinking', 2);
INSERT INTO universityDB.course (id, name, professor_id) VALUES (3, 'JavaEE', 3);
INSERT INTO universityDB.course (id, name, professor_id) VALUES (4, 'C++ in Robotics', 1);
INSERT INTO universityDB.course (id, name, professor_id) VALUES (5, 'Data Science', 1);
INSERT INTO universityDB.course (id, name, professor_id) VALUES (6, 'Hacking with Python', 5);
INSERT INTO universityDB.course (id, name, professor_id) VALUES (7, 'Architecture of Networks', 1);
INSERT INTO universityDB.course (id, name, professor_id) VALUES (8, 'Game Development with C#', 3);
INSERT INTO universityDB.course (id, name, professor_id) VALUES (9, 'Ethical Hacking', 4);
INSERT INTO universityDB.course (id, name, professor_id) VALUES (10, 'Non-ethical Hacking', 1);
INSERT INTO universityDB.course (id, name, professor_id) VALUES (11, 'Programming Architectural Solutions', 3);
INSERT INTO universityDB.course (id, name, professor_id) VALUES (12, 'Agile Methodologies', 5);

INSERT INTO universityDB.student (id, email, firstName, lastName, password, role, degree) VALUES (1, 'zukerberg@mail.ru', 'Mark', 'Zukerberg', 'pass', 'STUDENT', 'BACHELOR');
INSERT INTO universityDB.student (id, email, firstName, lastName, password, role, degree) VALUES (2, 'bloch@mail.ru', 'Joshua', 'Bloch', 'pass', 'STUDENT', 'BACHELOR');
INSERT INTO universityDB.student (id, email, firstName, lastName, password, role, degree) VALUES (3, 'gates@mail.ru', 'Bill', 'Gates', 'pass', 'STUDENT', 'MASTER');
INSERT INTO universityDB.student (id, email, firstName, lastName, password, role, degree) VALUES (4, 'musk@mail.ru', 'Elon', 'Musk', 'pass', 'STUDENT', 'BACHELOR');
INSERT INTO universityDB.student (id, email, firstName, lastName, password, role, degree) VALUES (5, 'tesla@mail.ru', 'Nikola', 'Tesla', 'pass', 'STUDENT', 'BACHELOR');

INSERT INTO universityDB.room (id, name) VALUES (1, 'Room A1');
INSERT INTO universityDB.room (id, name) VALUES (2, 'Room A2');
INSERT INTO universityDB.room (id, name) VALUES (3, 'Room A3');
INSERT INTO universityDB.room (id, name) VALUES (4, 'Room A4');
INSERT INTO universityDB.room (id, name) VALUES (5, 'Room B1');
INSERT INTO universityDB.room (id, name) VALUES (6, 'Room B2');
INSERT INTO universityDB.room (id, name) VALUES (7, 'Room B3');
INSERT INTO universityDB.room (id, name) VALUES (8, 'Room B4');

INSERT INTO universityDB.course_student (Course_id, registeredStudents_id) VALUES (1, 1);
INSERT INTO universityDB.course_student (Course_id, registeredStudents_id) VALUES (1, 4);
INSERT INTO universityDB.course_student (Course_id, registeredStudents_id) VALUES (1, 5);
INSERT INTO universityDB.course_student (Course_id, registeredStudents_id) VALUES (2, 4);
INSERT INTO universityDB.course_student (Course_id, registeredStudents_id) VALUES (3, 3);
INSERT INTO universityDB.course_student (Course_id, registeredStudents_id) VALUES (3, 4);
INSERT INTO universityDB.course_student (Course_id, registeredStudents_id) VALUES (4, 2);
INSERT INTO universityDB.course_student (Course_id, registeredStudents_id) VALUES (4, 3);
INSERT INTO universityDB.course_student (Course_id, registeredStudents_id) VALUES (5, 1);
INSERT INTO universityDB.course_student (Course_id, registeredStudents_id) VALUES (5, 2);
INSERT INTO universityDB.course_student (Course_id, registeredStudents_id) VALUES (5, 3);
INSERT INTO universityDB.course_student (Course_id, registeredStudents_id) VALUES (5, 4);
INSERT INTO universityDB.course_student (Course_id, registeredStudents_id) VALUES (5, 5);
INSERT INTO universityDB.course_student (Course_id, registeredStudents_id) VALUES (6, 4);
INSERT INTO universityDB.course_student (Course_id, registeredStudents_id) VALUES (7, 4);
INSERT INTO universityDB.course_student (Course_id, registeredStudents_id) VALUES (7, 5);
INSERT INTO universityDB.course_student (Course_id, registeredStudents_id) VALUES (9, 2);
INSERT INTO universityDB.course_student (Course_id, registeredStudents_id) VALUES (9, 3);
INSERT INTO universityDB.course_student (Course_id, registeredStudents_id) VALUES (9, 4);
INSERT INTO universityDB.course_student (Course_id, registeredStudents_id) VALUES (10, 4);
INSERT INTO universityDB.course_student (Course_id, registeredStudents_id) VALUES (11, 3);
INSERT INTO universityDB.course_student (Course_id, registeredStudents_id) VALUES (11, 4);
INSERT INTO universityDB.course_student (Course_id, registeredStudents_id) VALUES (11, 5);
INSERT INTO universityDB.course_student (Course_id, registeredStudents_id) VALUES (12, 2);

INSERT INTO universityDB.lecture (id, dateTime, course_id, room_id) VALUES (1, '2020-04-13 10:28:31.470000000', 1, 7);
INSERT INTO universityDB.lecture (id, dateTime, course_id, room_id) VALUES (2, '2020-04-28 08:28:31.471000000', 1, 3);
INSERT INTO universityDB.lecture (id, dateTime, course_id, room_id) VALUES (3, '2020-04-20 12:28:31.471000000', 1, 1);
INSERT INTO universityDB.lecture (id, dateTime, course_id, room_id) VALUES (4, '2020-04-26 10:28:31.471000000', 1, 5);
INSERT INTO universityDB.lecture (id, dateTime, course_id, room_id) VALUES (5, '2020-05-08 10:28:31.471000000', 1, 4);
INSERT INTO universityDB.lecture (id, dateTime, course_id, room_id) VALUES (6, '2020-04-14 08:28:31.472000000', 1, 3);
INSERT INTO universityDB.lecture (id, dateTime, course_id, room_id) VALUES (7, '2020-04-11 11:28:31.472000000', 1, 7);
INSERT INTO universityDB.lecture (id, dateTime, course_id, room_id) VALUES (8, '2020-04-19 13:28:31.472000000', 1, 5);
INSERT INTO universityDB.lecture (id, dateTime, course_id, room_id) VALUES (9, '2020-05-03 14:28:31.472000000', 1, 2);
INSERT INTO universityDB.lecture (id, dateTime, course_id, room_id) VALUES (10, '2020-05-06 10:28:31.472000000', 1, 5);
INSERT INTO universityDB.lecture (id, dateTime, course_id, room_id) VALUES (11, '2020-04-20 10:28:31.472000000', 1, 4);
INSERT INTO universityDB.lecture (id, dateTime, course_id, room_id) VALUES (12, '2020-05-06 12:28:31.472000000', 1, 1);
INSERT INTO universityDB.lecture (id, dateTime, course_id, room_id) VALUES (13, '2020-05-06 10:28:31.472000000', 2, 2);
INSERT INTO universityDB.lecture (id, dateTime, course_id, room_id) VALUES (14, '2020-04-26 10:28:31.472000000', 2, 4);
INSERT INTO universityDB.lecture (id, dateTime, course_id, room_id) VALUES (15, '2020-05-10 12:28:31.472000000', 2, 7);
INSERT INTO universityDB.lecture (id, dateTime, course_id, room_id) VALUES (16, '2020-05-08 12:28:31.472000000', 2, 7);
INSERT INTO universityDB.lecture (id, dateTime, course_id, room_id) VALUES (17, '2020-05-08 07:28:31.472000000', 2, 1);
INSERT INTO universityDB.lecture (id, dateTime, course_id, room_id) VALUES (18, '2020-04-17 14:28:31.472000000', 2, 1);
INSERT INTO universityDB.lecture (id, dateTime, course_id, room_id) VALUES (19, '2020-05-06 10:28:31.472000000', 2, 6);
INSERT INTO universityDB.lecture (id, dateTime, course_id, room_id) VALUES (20, '2020-04-27 07:28:31.472000000', 2, 1);
INSERT INTO universityDB.lecture (id, dateTime, course_id, room_id) VALUES (21, '2020-04-22 14:28:31.472000000', 2, 2);
INSERT INTO universityDB.lecture (id, dateTime, course_id, room_id) VALUES (22, '2020-04-29 09:28:31.472000000', 2, 3);
INSERT INTO universityDB.lecture (id, dateTime, course_id, room_id) VALUES (23, '2020-05-08 12:28:31.472000000', 2, 7);
INSERT INTO universityDB.lecture (id, dateTime, course_id, room_id) VALUES (24, '2020-04-29 12:28:31.472000000', 2, 4);
INSERT INTO universityDB.lecture (id, dateTime, course_id, room_id) VALUES (25, '2020-05-05 07:28:31.472000000', 3, 2);
INSERT INTO universityDB.lecture (id, dateTime, course_id, room_id) VALUES (26, '2020-05-02 08:28:31.472000000', 3, 1);
INSERT INTO universityDB.lecture (id, dateTime, course_id, room_id) VALUES (27, '2020-05-04 09:28:31.472000000', 3, 6);
INSERT INTO universityDB.lecture (id, dateTime, course_id, room_id) VALUES (28, '2020-04-23 07:28:31.472000000', 3, 1);
INSERT INTO universityDB.lecture (id, dateTime, course_id, room_id) VALUES (29, '2020-05-05 13:28:31.472000000', 3, 6);
INSERT INTO universityDB.lecture (id, dateTime, course_id, room_id) VALUES (30, '2020-04-26 14:28:31.472000000', 3, 1);
INSERT INTO universityDB.lecture (id, dateTime, course_id, room_id) VALUES (31, '2020-04-11 11:28:31.472000000', 3, 2);
INSERT INTO universityDB.lecture (id, dateTime, course_id, room_id) VALUES (32, '2020-04-11 09:28:31.472000000', 3, 2);
INSERT INTO universityDB.lecture (id, dateTime, course_id, room_id) VALUES (33, '2020-04-29 11:28:31.472000000', 3, 5);
INSERT INTO universityDB.lecture (id, dateTime, course_id, room_id) VALUES (34, '2020-04-24 10:28:31.472000000', 3, 1);
INSERT INTO universityDB.lecture (id, dateTime, course_id, room_id) VALUES (35, '2020-05-10 14:28:31.472000000', 3, 6);
INSERT INTO universityDB.lecture (id, dateTime, course_id, room_id) VALUES (36, '2020-04-27 08:28:31.473000000', 3, 1);
INSERT INTO universityDB.lecture (id, dateTime, course_id, room_id) VALUES (37, '2020-04-21 13:28:31.473000000', 4, 7);
INSERT INTO universityDB.lecture (id, dateTime, course_id, room_id) VALUES (38, '2020-05-09 07:28:31.473000000', 4, 2);
INSERT INTO universityDB.lecture (id, dateTime, course_id, room_id) VALUES (39, '2020-05-01 08:28:31.473000000', 4, 1);
INSERT INTO universityDB.lecture (id, dateTime, course_id, room_id) VALUES (40, '2020-04-20 07:28:31.473000000', 4, 1);
INSERT INTO universityDB.lecture (id, dateTime, course_id, room_id) VALUES (41, '2020-05-03 13:28:31.473000000', 4, 6);
INSERT INTO universityDB.lecture (id, dateTime, course_id, room_id) VALUES (42, '2020-05-03 10:28:31.473000000', 4, 1);
INSERT INTO universityDB.lecture (id, dateTime, course_id, room_id) VALUES (43, '2020-04-15 09:28:31.473000000', 4, 7);
INSERT INTO universityDB.lecture (id, dateTime, course_id, room_id) VALUES (44, '2020-04-19 13:28:31.473000000', 4, 4);
INSERT INTO universityDB.lecture (id, dateTime, course_id, room_id) VALUES (45, '2020-05-07 10:28:31.473000000', 4, 4);
INSERT INTO universityDB.lecture (id, dateTime, course_id, room_id) VALUES (46, '2020-04-24 12:28:31.473000000', 4, 3);
INSERT INTO universityDB.lecture (id, dateTime, course_id, room_id) VALUES (47, '2020-04-27 13:28:31.473000000', 4, 4);
INSERT INTO universityDB.lecture (id, dateTime, course_id, room_id) VALUES (48, '2020-05-06 11:28:31.473000000', 4, 6);
INSERT INTO universityDB.lecture (id, dateTime, course_id, room_id) VALUES (49, '2020-04-19 07:28:31.473000000', 5, 4);
INSERT INTO universityDB.lecture (id, dateTime, course_id, room_id) VALUES (50, '2020-04-15 07:28:31.473000000', 5, 7);
INSERT INTO universityDB.lecture (id, dateTime, course_id, room_id) VALUES (51, '2020-04-17 07:28:31.473000000', 5, 2);
INSERT INTO universityDB.lecture (id, dateTime, course_id, room_id) VALUES (52, '2020-05-04 08:28:31.473000000', 5, 5);
INSERT INTO universityDB.lecture (id, dateTime, course_id, room_id) VALUES (53, '2020-04-20 11:28:31.473000000', 5, 5);
INSERT INTO universityDB.lecture (id, dateTime, course_id, room_id) VALUES (54, '2020-05-01 09:28:31.473000000', 5, 3);
INSERT INTO universityDB.lecture (id, dateTime, course_id, room_id) VALUES (55, '2020-04-19 08:28:31.473000000', 5, 2);
INSERT INTO universityDB.lecture (id, dateTime, course_id, room_id) VALUES (56, '2020-04-18 14:28:31.473000000', 5, 5);
INSERT INTO universityDB.lecture (id, dateTime, course_id, room_id) VALUES (57, '2020-04-27 11:28:31.473000000', 5, 3);
INSERT INTO universityDB.lecture (id, dateTime, course_id, room_id) VALUES (58, '2020-04-12 14:28:31.473000000', 5, 6);
INSERT INTO universityDB.lecture (id, dateTime, course_id, room_id) VALUES (59, '2020-05-08 12:28:31.473000000', 5, 6);
INSERT INTO universityDB.lecture (id, dateTime, course_id, room_id) VALUES (60, '2020-04-12 11:28:31.473000000', 5, 6);
INSERT INTO universityDB.lecture (id, dateTime, course_id, room_id) VALUES (61, '2020-04-24 11:28:31.474000000', 6, 7);
INSERT INTO universityDB.lecture (id, dateTime, course_id, room_id) VALUES (62, '2020-04-29 13:28:31.474000000', 6, 7);
INSERT INTO universityDB.lecture (id, dateTime, course_id, room_id) VALUES (63, '2020-05-10 09:28:31.474000000', 6, 1);
INSERT INTO universityDB.lecture (id, dateTime, course_id, room_id) VALUES (64, '2020-04-29 13:28:31.474000000', 6, 3);
INSERT INTO universityDB.lecture (id, dateTime, course_id, room_id) VALUES (65, '2020-05-10 12:28:31.474000000', 6, 7);
INSERT INTO universityDB.lecture (id, dateTime, course_id, room_id) VALUES (66, '2020-05-09 09:28:31.474000000', 6, 6);
INSERT INTO universityDB.lecture (id, dateTime, course_id, room_id) VALUES (67, '2020-04-12 12:28:31.474000000', 6, 5);
INSERT INTO universityDB.lecture (id, dateTime, course_id, room_id) VALUES (68, '2020-04-26 09:28:31.474000000', 6, 3);
INSERT INTO universityDB.lecture (id, dateTime, course_id, room_id) VALUES (69, '2020-04-12 08:28:31.474000000', 6, 4);
INSERT INTO universityDB.lecture (id, dateTime, course_id, room_id) VALUES (70, '2020-04-25 09:28:31.474000000', 6, 1);
INSERT INTO universityDB.lecture (id, dateTime, course_id, room_id) VALUES (71, '2020-04-29 08:28:31.474000000', 6, 3);
INSERT INTO universityDB.lecture (id, dateTime, course_id, room_id) VALUES (72, '2020-05-06 13:28:31.474000000', 6, 1);
INSERT INTO universityDB.lecture (id, dateTime, course_id, room_id) VALUES (73, '2020-05-10 11:28:31.474000000', 7, 5);
INSERT INTO universityDB.lecture (id, dateTime, course_id, room_id) VALUES (74, '2020-04-29 09:28:31.474000000', 7, 7);
INSERT INTO universityDB.lecture (id, dateTime, course_id, room_id) VALUES (75, '2020-04-29 07:28:31.474000000', 7, 7);
INSERT INTO universityDB.lecture (id, dateTime, course_id, room_id) VALUES (76, '2020-04-26 07:28:31.474000000', 7, 6);
INSERT INTO universityDB.lecture (id, dateTime, course_id, room_id) VALUES (77, '2020-04-30 09:28:31.474000000', 7, 7);
INSERT INTO universityDB.lecture (id, dateTime, course_id, room_id) VALUES (78, '2020-04-15 14:28:31.474000000', 7, 2);
INSERT INTO universityDB.lecture (id, dateTime, course_id, room_id) VALUES (79, '2020-05-02 08:28:31.474000000', 7, 2);
INSERT INTO universityDB.lecture (id, dateTime, course_id, room_id) VALUES (80, '2020-04-19 14:28:31.474000000', 7, 6);
INSERT INTO universityDB.lecture (id, dateTime, course_id, room_id) VALUES (81, '2020-05-09 13:28:31.475000000', 7, 5);
INSERT INTO universityDB.lecture (id, dateTime, course_id, room_id) VALUES (82, '2020-05-10 11:28:31.475000000', 7, 2);
INSERT INTO universityDB.lecture (id, dateTime, course_id, room_id) VALUES (83, '2020-04-14 10:28:31.475000000', 7, 6);
INSERT INTO universityDB.lecture (id, dateTime, course_id, room_id) VALUES (84, '2020-04-28 07:28:31.475000000', 7, 4);
INSERT INTO universityDB.lecture (id, dateTime, course_id, room_id) VALUES (85, '2020-04-27 13:28:31.475000000', 8, 7);
INSERT INTO universityDB.lecture (id, dateTime, course_id, room_id) VALUES (86, '2020-04-17 11:28:31.475000000', 8, 6);
INSERT INTO universityDB.lecture (id, dateTime, course_id, room_id) VALUES (87, '2020-04-14 07:28:31.475000000', 8, 6);
INSERT INTO universityDB.lecture (id, dateTime, course_id, room_id) VALUES (88, '2020-04-18 09:28:31.475000000', 8, 3);
INSERT INTO universityDB.lecture (id, dateTime, course_id, room_id) VALUES (89, '2020-04-20 08:28:31.475000000', 8, 7);
INSERT INTO universityDB.lecture (id, dateTime, course_id, room_id) VALUES (90, '2020-04-13 11:28:31.475000000', 8, 3);
INSERT INTO universityDB.lecture (id, dateTime, course_id, room_id) VALUES (91, '2020-05-01 13:28:31.475000000', 8, 2);
INSERT INTO universityDB.lecture (id, dateTime, course_id, room_id) VALUES (92, '2020-05-07 10:28:31.475000000', 8, 5);
INSERT INTO universityDB.lecture (id, dateTime, course_id, room_id) VALUES (93, '2020-04-17 09:28:31.475000000', 8, 3);
INSERT INTO universityDB.lecture (id, dateTime, course_id, room_id) VALUES (94, '2020-04-18 07:28:31.475000000', 8, 2);
INSERT INTO universityDB.lecture (id, dateTime, course_id, room_id) VALUES (95, '2020-05-05 10:28:31.475000000', 8, 6);
INSERT INTO universityDB.lecture (id, dateTime, course_id, room_id) VALUES (96, '2020-04-28 09:28:31.475000000', 8, 6);
INSERT INTO universityDB.lecture (id, dateTime, course_id, room_id) VALUES (97, '2020-05-10 10:28:31.475000000', 9, 7);
INSERT INTO universityDB.lecture (id, dateTime, course_id, room_id) VALUES (98, '2020-04-12 13:28:31.475000000', 9, 7);
INSERT INTO universityDB.lecture (id, dateTime, course_id, room_id) VALUES (99, '2020-04-14 10:28:31.475000000', 9, 5);
INSERT INTO universityDB.lecture (id, dateTime, course_id, room_id) VALUES (100, '2020-04-15 11:28:31.475000000', 9, 7);
INSERT INTO universityDB.lecture (id, dateTime, course_id, room_id) VALUES (101, '2020-05-08 10:28:31.475000000', 9, 5);
INSERT INTO universityDB.lecture (id, dateTime, course_id, room_id) VALUES (102, '2020-04-12 14:28:31.475000000', 9, 4);
INSERT INTO universityDB.lecture (id, dateTime, course_id, room_id) VALUES (103, '2020-04-12 14:28:31.475000000', 9, 6);
INSERT INTO universityDB.lecture (id, dateTime, course_id, room_id) VALUES (104, '2020-05-08 10:28:31.475000000', 9, 1);
INSERT INTO universityDB.lecture (id, dateTime, course_id, room_id) VALUES (105, '2020-05-09 10:28:31.475000000', 9, 2);
INSERT INTO universityDB.lecture (id, dateTime, course_id, room_id) VALUES (106, '2020-04-26 08:28:31.475000000', 9, 5);
INSERT INTO universityDB.lecture (id, dateTime, course_id, room_id) VALUES (107, '2020-05-07 11:28:31.475000000', 9, 4);
INSERT INTO universityDB.lecture (id, dateTime, course_id, room_id) VALUES (108, '2020-04-29 13:28:31.475000000', 9, 1);
INSERT INTO universityDB.lecture (id, dateTime, course_id, room_id) VALUES (109, '2020-05-01 13:28:31.475000000', 10, 7);
INSERT INTO universityDB.lecture (id, dateTime, course_id, room_id) VALUES (110, '2020-04-22 08:28:31.475000000', 10, 3);
INSERT INTO universityDB.lecture (id, dateTime, course_id, room_id) VALUES (111, '2020-05-08 14:28:31.475000000', 10, 5);
INSERT INTO universityDB.lecture (id, dateTime, course_id, room_id) VALUES (112, '2020-04-18 13:28:31.475000000', 10, 2);
INSERT INTO universityDB.lecture (id, dateTime, course_id, room_id) VALUES (113, '2020-04-25 07:28:31.475000000', 10, 5);
INSERT INTO universityDB.lecture (id, dateTime, course_id, room_id) VALUES (114, '2020-04-17 10:28:31.475000000', 10, 5);
INSERT INTO universityDB.lecture (id, dateTime, course_id, room_id) VALUES (115, '2020-04-23 07:28:31.475000000', 10, 2);
INSERT INTO universityDB.lecture (id, dateTime, course_id, room_id) VALUES (116, '2020-04-14 12:28:31.475000000', 10, 5);
INSERT INTO universityDB.lecture (id, dateTime, course_id, room_id) VALUES (117, '2020-05-09 10:28:31.475000000', 10, 7);
INSERT INTO universityDB.lecture (id, dateTime, course_id, room_id) VALUES (118, '2020-04-29 12:28:31.476000000', 10, 1);
INSERT INTO universityDB.lecture (id, dateTime, course_id, room_id) VALUES (119, '2020-05-07 11:28:31.476000000', 10, 7);
INSERT INTO universityDB.lecture (id, dateTime, course_id, room_id) VALUES (120, '2020-05-10 07:28:31.476000000', 10, 1);
INSERT INTO universityDB.lecture (id, dateTime, course_id, room_id) VALUES (121, '2020-04-18 14:28:31.476000000', 11, 5);
INSERT INTO universityDB.lecture (id, dateTime, course_id, room_id) VALUES (122, '2020-04-30 14:28:31.476000000', 11, 6);
INSERT INTO universityDB.lecture (id, dateTime, course_id, room_id) VALUES (123, '2020-04-17 07:28:31.476000000', 11, 2);
INSERT INTO universityDB.lecture (id, dateTime, course_id, room_id) VALUES (124, '2020-05-02 09:28:31.476000000', 11, 2);
INSERT INTO universityDB.lecture (id, dateTime, course_id, room_id) VALUES (125, '2020-05-07 13:28:31.476000000', 11, 3);
INSERT INTO universityDB.lecture (id, dateTime, course_id, room_id) VALUES (126, '2020-04-29 08:28:31.476000000', 11, 2);
INSERT INTO universityDB.lecture (id, dateTime, course_id, room_id) VALUES (127, '2020-04-29 08:28:31.476000000', 11, 1);
INSERT INTO universityDB.lecture (id, dateTime, course_id, room_id) VALUES (128, '2020-05-10 12:28:31.476000000', 11, 5);
INSERT INTO universityDB.lecture (id, dateTime, course_id, room_id) VALUES (129, '2020-04-11 11:28:31.476000000', 11, 6);
INSERT INTO universityDB.lecture (id, dateTime, course_id, room_id) VALUES (130, '2020-04-20 09:28:31.476000000', 11, 1);
INSERT INTO universityDB.lecture (id, dateTime, course_id, room_id) VALUES (131, '2020-04-27 13:28:31.476000000', 11, 6);
INSERT INTO universityDB.lecture (id, dateTime, course_id, room_id) VALUES (132, '2020-05-08 12:28:31.476000000', 11, 1);
INSERT INTO universityDB.lecture (id, dateTime, course_id, room_id) VALUES (133, '2020-04-25 13:28:31.476000000', 12, 6);
INSERT INTO universityDB.lecture (id, dateTime, course_id, room_id) VALUES (134, '2020-04-13 08:28:31.476000000', 12, 1);
INSERT INTO universityDB.lecture (id, dateTime, course_id, room_id) VALUES (135, '2020-04-14 10:28:31.476000000', 12, 5);
INSERT INTO universityDB.lecture (id, dateTime, course_id, room_id) VALUES (136, '2020-04-24 13:28:31.476000000', 12, 7);
INSERT INTO universityDB.lecture (id, dateTime, course_id, room_id) VALUES (137, '2020-05-07 08:28:31.476000000', 12, 7);
INSERT INTO universityDB.lecture (id, dateTime, course_id, room_id) VALUES (138, '2020-05-06 14:28:31.476000000', 12, 3);
INSERT INTO universityDB.lecture (id, dateTime, course_id, room_id) VALUES (139, '2020-04-19 11:28:31.476000000', 12, 3);
INSERT INTO universityDB.lecture (id, dateTime, course_id, room_id) VALUES (140, '2020-05-07 10:28:31.476000000', 12, 2);
INSERT INTO universityDB.lecture (id, dateTime, course_id, room_id) VALUES (141, '2020-04-18 10:28:31.476000000', 12, 7);
INSERT INTO universityDB.lecture (id, dateTime, course_id, room_id) VALUES (142, '2020-04-17 10:28:31.476000000', 12, 2);
INSERT INTO universityDB.lecture (id, dateTime, course_id, room_id) VALUES (143, '2020-05-03 09:28:31.476000000', 12, 1);
INSERT INTO universityDB.lecture (id, dateTime, course_id, room_id) VALUES (144, '2020-04-30 11:28:31.476000000', 12, 4);
